{
  "description": "Registra un nuevo ticket de soporte en el sistema dtic-GEMA. Se debe llamar cuando el usuario confirma los datos y el problema.",
  "path": "/webhook-path",
  "method": "POST",
  "parameters": {
    "type": "object",
    "properties": {
      "email": {
        "type": "string",
        "description": "Email institucional del usuario.",
        "format": "email"
      },
      "dni": {
        "type": "string",
        "description": "Documento Nacional de Identidad del usuario (sin puntos preferiblemente)."
      },
      "carrera": {
        "type": "string",
        "description": "Carrera o departamento al que pertenece el usuario (ej: Ingeniería Civil, Sistemas, Decanato)."
      },
      "sistema": {
        "type": "string",
        "description": "Sistema sobre el cual reporta el problema (ej: Campus Virtual, SysAcad, Conectividad).",
        "enum": [
          "Campus Virtual",
          "Sistema Académico",
          "Conectividad",
          "Preinscripción",
          "Otro"
        ]
      },
      "descripcion": {
        "type": "string",
        "description": "Resumen breve del problema reportado por el usuario."
      }
    },
    "required": [
      "email",
      "dni",
      "descripcion"
    ]
  }
}
