[
    {
        "id": "consignas",
        "title": "Consignas",
        "icon": "file-text",
        "path": "consignas",
        "type": "parent",
        "avatarVideo": "gema-02.mp4",
        "children": [
            {
                "id": "objetivo",
                "title": "Objetivo General"
            },
            {
                "id": "estructura",
                "title": "Estructura"
            },
            {
                "id": "evaluacion",
                "title": "Criterios"
            },
            {
                "id": "tips",
                "title": "Tips de Éxito"
            }
        ]
    },
    {
        "id": "fase1",
        "title": "FASE 1: Relevamiento",
        "icon": "clipboard-list",
        "path": "fase1",
        "type": "parent",
        "avatarVideo": "gema-04.mp4",
        "children": [
            {
                "id": "contexto",
                "title": "Contexto Institucional"
            },
            {
                "id": "dolores",
                "title": "Puntos de Dolor"
            },
            {
                "id": "priorizacion",
                "title": "Priorización"
            },
            {
                "id": "flujo",
                "title": "Diseño del Flujo"
            }
        ]
    },
    {
        "id": "fase2",
        "title": "FASE 2: Diseño",
        "icon": "shield-check",
        "path": "fase2",
        "type": "parent",
        "avatarVideo": "gema-05.mp4",
        "children": [
            {
                "id": "tecnico",
                "title": "Arquitectura 3 Capas"
            },
            {
                "id": "ia",
                "title": "Implementación IA"
            },
            {
                "id": "resultados",
                "title": "Resultados Finales"
            }
        ]
    },
    {
        "id": "entregables",
        "title": "Entregables",
        "icon": "file-down",
        "path": "entregas",
        "type": "parent",
        "avatarVideo": "gema-03.mp4",
        "children": [
            {
                "id": "requerimientos",
                "title": "Requerimientos de Entrega"
            },
            {
                "id": "historial",
                "title": "Historial de Entregas"
            }
        ]
    },
    {
        "id": "chatbot",
        "title": "Chatbot",
        "icon": "message-square",
        "type": "direct",
        "avatarVideo": "gema-01.mp4"
    }
]